-- phpMyAdmin SQL Dump
-- version 5.2.1
-- https://www.phpmyadmin.net/
--
-- Host: 127.0.0.1
-- Waktu pembuatan: 14 Jun 2026 pada 05.23
-- Versi server: 10.4.32-MariaDB
-- Versi PHP: 8.2.12

SET SQL_MODE = "NO_AUTO_VALUE_ON_ZERO";
START TRANSACTION;
SET time_zone = "+00:00";


/*!40101 SET @OLD_CHARACTER_SET_CLIENT=@@CHARACTER_SET_CLIENT */;
/*!40101 SET @OLD_CHARACTER_SET_RESULTS=@@CHARACTER_SET_RESULTS */;
/*!40101 SET @OLD_COLLATION_CONNECTION=@@COLLATION_CONNECTION */;
/*!40101 SET NAMES utf8mb4 */;

--
-- Database: `db_peminjaman`
--

-- --------------------------------------------------------

--
-- Struktur dari tabel `tb_barang`
--

CREATE TABLE `tb_barang` (
  `id_barang` int(11) NOT NULL,
  `nama_barang` varchar(100) DEFAULT NULL,
  `stok` int(11) DEFAULT NULL
) ENGINE=InnoDB DEFAULT CHARSET=utf8mb4 COLLATE=utf8mb4_general_ci;

--
-- Dumping data untuk tabel `tb_barang`
--

INSERT INTO `tb_barang` (`id_barang`, `nama_barang`, `stok`) VALUES
(1, 'Laptop', 10),
(2, 'Proyektor', 5),
(3, 'Printer', 8),
(4, 'Scanner', 6),
(5, 'Kamera', 4),
(6, 'Flashdisk', 15);

-- --------------------------------------------------------

--
-- Struktur dari tabel `tb_kembali`
--

CREATE TABLE `tb_kembali` (
  `id_kembali` int(11) NOT NULL,
  `tanggal` date DEFAULT NULL,
  `id_pinjam` int(11) DEFAULT NULL
) ENGINE=InnoDB DEFAULT CHARSET=utf8mb4 COLLATE=utf8mb4_general_ci;

--
-- Dumping data untuk tabel `tb_kembali`
--

INSERT INTO `tb_kembali` (`id_kembali`, `tanggal`, `id_pinjam`) VALUES
(1, '2025-06-10', 1),
(2, '2025-06-11', 2),
(3, '2025-06-12', 3),
(4, '2025-06-13', 4),
(5, '2025-06-14', 5);

-- --------------------------------------------------------

--
-- Struktur dari tabel `tb_pinjam`
--

CREATE TABLE `tb_pinjam` (
  `id_pinjam` int(11) NOT NULL,
  `peminjam` varchar(100) DEFAULT NULL,
  `tanggal` date DEFAULT NULL,
  `id_barang` int(11) DEFAULT NULL
) ENGINE=InnoDB DEFAULT CHARSET=utf8mb4 COLLATE=utf8mb4_general_ci;

--
-- Dumping data untuk tabel `tb_pinjam`
--

INSERT INTO `tb_pinjam` (`id_pinjam`, `peminjam`, `tanggal`, `id_barang`) VALUES
(1, 'Andi', '2025-06-01', 1),
(2, 'Budi', '2025-06-02', 2),
(3, 'Citra', '2025-06-03', 3),
(4, 'Dewi', '2025-06-04', 4),
(5, 'Eko', '2025-06-05', 5);

--
-- Indexes for dumped tables
--

--
-- Indeks untuk tabel `tb_barang`
--
ALTER TABLE `tb_barang`
  ADD PRIMARY KEY (`id_barang`);

--
-- Indeks untuk tabel `tb_kembali`
--
ALTER TABLE `tb_kembali`
  ADD PRIMARY KEY (`id_kembali`),
  ADD KEY `id_pinjam` (`id_pinjam`);

--
-- Indeks untuk tabel `tb_pinjam`
--
ALTER TABLE `tb_pinjam`
  ADD PRIMARY KEY (`id_pinjam`),
  ADD KEY `id_barang` (`id_barang`);

--
-- AUTO_INCREMENT untuk tabel yang dibuang
--

--
-- AUTO_INCREMENT untuk tabel `tb_barang`
--
ALTER TABLE `tb_barang`
  MODIFY `id_barang` int(11) NOT NULL AUTO_INCREMENT, AUTO_INCREMENT=8;

--
-- AUTO_INCREMENT untuk tabel `tb_kembali`
--
ALTER TABLE `tb_kembali`
  MODIFY `id_kembali` int(11) NOT NULL AUTO_INCREMENT, AUTO_INCREMENT=7;

--
-- AUTO_INCREMENT untuk tabel `tb_pinjam`
--
ALTER TABLE `tb_pinjam`
  MODIFY `id_pinjam` int(11) NOT NULL AUTO_INCREMENT, AUTO_INCREMENT=7;

--
-- Ketidakleluasaan untuk tabel pelimpahan (Dumped Tables)
--

--
-- Ketidakleluasaan untuk tabel `tb_kembali`
--
ALTER TABLE `tb_kembali`
  ADD CONSTRAINT `tb_kembali_ibfk_1` FOREIGN KEY (`id_pinjam`) REFERENCES `tb_pinjam` (`id_pinjam`);

--
-- Ketidakleluasaan untuk tabel `tb_pinjam`
--
ALTER TABLE `tb_pinjam`
  ADD CONSTRAINT `tb_pinjam_ibfk_1` FOREIGN KEY (`id_barang`) REFERENCES `tb_barang` (`id_barang`);
COMMIT;

/*!40101 SET CHARACTER_SET_CLIENT=@OLD_CHARACTER_SET_CLIENT */;
/*!40101 SET CHARACTER_SET_RESULTS=@OLD_CHARACTER_SET_RESULTS */;
/*!40101 SET COLLATION_CONNECTION=@OLD_COLLATION_CONNECTION */;
